{
    "loss": 0.4167644679546356,
    "accuracy": 0.8589743375778198
}